{"eval/slot_exact_match":0.4888888888888889,"eval/model_source":"fine_tuned","eval/evaluated_count":100,"eval/intent_score_mean":56.016666666666666,"eval/json_valid_rate":0.9,"eval/failures_top_k":{"artifact_path":"wandb-client-artifact://vtlzfty8ds52z3ppv0ut1rl0s5z81x0z4gq2lyokfsfl4n5wb1fei62w1hh5s7f383jwvve3gahpqu10w5f7ofqd0c5jyi65b63h17x335upe4twn3t0l88de7hwrh8w/eval/failures_top_k.table.json","sha256":"f979b76fd0257c2eaca584c5c4f4cba23c569311177debd714313dc63eca0b17","ncols":5,"log_mode":"IMMUTABLE","_latest_artifact_path":"wandb-client-artifact://c0lli79tddsbqsu34c29gvatchv9cuze38nq2hor2y0fouqazoycvunc79exxr3f4reo6rs13a9wqueh26tkdhcuvzyqej3vrdhu34dds5t53yf4djjct5m2038k98sw:latest/eval/failures_top_k.table.json","path":"media/table/eval/failures_top_k_2_f979b76fd0257c2eaca5.table.json","_type":"table-file","size":5286,"nrows":20},"eval/vector_mae":2.0944444444444446,"_timestamp":1.772318894379957e+09,"eval/constraint_match_rate":0.17777777777777778,"eval/output_sanity_score":79.98,"_step":2,"eval/cost_per_100_requests_usd":0.19,"_runtime":111,"eval/model_id":"Haruk1y/atelier-kotone-ministral3b-ft","eval/p95_inference_latency_ms":1290.1178340107435,"eval/mse_norm":0.07890740740740741,"eval/p50_inference_latency_ms":1016.9228750019101,"eval/target_scale":10,"eval/mse_raw":7.890740740740741,"eval/r2_score":-0.1739423911396416,"_wandb":{"runtime":111}}