{"eval/target_scale":10,"eval/mse_norm":0.07604868913857678,"eval/vector_mae":2.0580524344569286,"eval/model_source":"prompt_baseline","eval/slot_exact_match":0.5112359550561798,"_runtime":116,"eval/failures_top_k":{"path":"media/table/eval/failures_top_k_2_a63a50751e48b2cee110.table.json","_latest_artifact_path":"wandb-client-artifact://cz8opmpr5m7qwepavbjswafozwmh73khw609rr0cgbdixdqxmbsx7byi4xafgn0mmdz8qst7xx11us1zaxyq2d9hpwtpnwmuijuw79njslpnrwmqb5d505inc0ejq93b:latest/eval/failures_top_k.table.json","log_mode":"IMMUTABLE","_type":"table-file","sha256":"a63a50751e48b2cee110b5111199d5b15d5b12fd2e568703c3140b6d3524942f","ncols":5,"artifact_path":"wandb-client-artifact://2yuv9o0k4b4t0cayj1hqr847gaya5sc46f1ygzw8l1fa5bmdp9zncd6b9gsm4fpydolwqk5b22hlmd02pay2v73ho4m56cyd2sc020afz27hqg0d0d3f9ycqybqfm3wy/eval/failures_top_k.table.json","nrows":20,"size":5464},"eval/json_valid_rate":0.89,"_step":2,"_timestamp":1.772318766851972e+09,"_wandb":{"runtime":116},"eval/p95_inference_latency_ms":1472.7956669958076,"eval/mse_raw":7.604868913857678,"eval/output_sanity_score":79.25,"eval/model_id":"mistralai/Ministral-3-3B-Instruct-2512","eval/cost_per_100_requests_usd":0.27999999999999997,"eval/r2_score":-0.11749158624797928,"eval/constraint_match_rate":0.15730337078651685,"eval/intent_score_mean":56.78089887640449,"eval/evaluated_count":100,"eval/p50_inference_latency_ms":1041.299042000901}