{"eval/p50_inference_latency_ms":842.6303749947692,"eval/vector_mae":26.12857142857143,"eval/output_sanity_score":87.84285714285714,"eval/json_valid_rate":1,"_step":2,"_timestamp":1.772270587666829e+09,"eval/mse_raw":1002.3761904761905,"eval/slot_exact_match":0.3607142857142857,"eval/cost_per_100_requests_usd":0.19,"eval/p95_inference_latency_ms":1203.7897909976891,"_runtime":67,"eval/r2_score":-1.8468382170960642,"_wandb":{"runtime":67},"eval/mse_norm":0.10023761904761905,"eval/model_id":"Haruk1y/atelier-kotone-ministral3b-ft","eval/model_source":"fine_tuned","eval/evaluated_count":70,"eval/constraint_match_rate":0.11428571428571428,"eval/failures_top_k":{"nrows":20,"ncols":5,"log_mode":"IMMUTABLE","artifact_path":"wandb-client-artifact://86ef4o5imz2xwxttw7hxj6f0a2wwb65acx14tphxyidnw98zb3mfd3ee72ii7wdvx60ql1oc623kx46ldvxy969o1oxo2wy2am8gufvki0tenmku9qlo8nmx8r5e3cuf/eval/failures_top_k.table.json","path":"media/table/eval/failures_top_k_2_a30d2869f3c1ecd86b67.table.json","_type":"table-file","sha256":"a30d2869f3c1ecd86b67013a0fa277df6666fb0004da27437d9bd5f82ee4e50e","size":4284,"_latest_artifact_path":"wandb-client-artifact://o7k9dob3gsbelb8lcf79vv1uxi6xbwcl06yimletuc4q05v4zoqvue4pb1uyv6e7o47uvmjwc6blzjnpu691ixy3ouu022m3yuh2indlv09vml5cbirurx0wu2h5d5se:latest/eval/failures_top_k.table.json"},"eval/intent_score_mean":45.129999999999995}