{"eval/failures_top_k":{"_type":"table-file","ncols":5,"size":4927,"path":"media/table/eval/failures_top_k_2_cbf7c968d994ef6c47db.table.json","log_mode":"IMMUTABLE","artifact_path":"wandb-client-artifact://vb72ksdwig65u0twtkqls5zjnzcs2a2qm7e1yeltxbxnkstr1tygww6fxcr37jf2o2e040x519hlu2txrtc21c8ktwwxj8beykplhexb61d78o9hka2zo9daj4il44zx/eval/failures_top_k.table.json","nrows":20,"sha256":"cbf7c968d994ef6c47db55c77f49cbf02cf2f10fbbb236ac3147df8a16b9276e","_latest_artifact_path":"wandb-client-artifact://azbcpeoot75128tiehra5w381y80jxcsweh7khxey6va0ght2yv21k7hodctf1z5iru5qqaj2od4i0gntp54qn2r7jmsi4g0zt0jn8ybprz5sp5t06nzcrutmuilp2jg:latest/eval/failures_top_k.table.json"},"eval/output_sanity_score":83.94285714285714,"eval/evaluated_count":70,"eval/p95_inference_latency_ms":1713.849832987762,"eval/constraint_match_rate":0.17142857142857143,"_step":2,"eval/p50_inference_latency_ms":1296.2124170007883,"eval/mse_norm":0.07002380952380953,"eval/model_source":"prompt_baseline","_runtime":101,"eval/cost_per_100_requests_usd":0.27999999999999997,"eval/json_valid_rate":1,"eval/model_id":"mistralai/Ministral-3-3B-Instruct-2512","_wandb":{"runtime":101},"_timestamp":1.7723001099977841e+09,"eval/vector_mae":2.1357142857142857,"eval/slot_exact_match":0.41785714285714287,"eval/r2_score":-0.8819847670182632,"eval/target_scale":10,"eval/mse_raw":7.002380952380952,"eval/intent_score_mean":55.15}