{"eval/cost_per_100_requests_usd":0.27999999999999997,"eval/intent_score_mean":56.23033707865169,"eval/r2_score":-0.15661105441085454,"_runtime":115,"eval/p95_inference_latency_ms":1406.1621669970918,"eval/failures_top_k":{"_latest_artifact_path":"wandb-client-artifact://x3tij0c8uz84f8dqvw8h8rx176ltrudg2mmw26qy89t0x04959q7h2bv5mdr0ntsoq0qmvrepkos14gm9ye1rouwdmkn6lrtsle1r86x9r65upg3ig2u4i8cpa8nbwi2:latest/eval/failures_top_k.table.json","log_mode":"IMMUTABLE","_type":"table-file","artifact_path":"wandb-client-artifact://scrnyoxale9s9s8hx7429t7l88kgrl4eqp5l6hg483xxn31pvasqalwzsug59kw0zh3b5yc9uv821m1w3jhlgoaapkqb7z5jkhdht608xlxyb8hj474dbvoo3kgouubo/eval/failures_top_k.table.json","sha256":"02dcb57e3b135a35fc054361a9860598f90b1d18464b0ab1e45300a675683f6d","path":"media/table/eval/failures_top_k_2_02dcb57e3b135a35fc05.table.json","nrows":20,"ncols":5,"size":5448},"eval/output_sanity_score":79.44,"eval/json_valid_rate":0.89,"eval/model_id":"mistralai/Ministral-3-3B-Instruct-2512","eval/constraint_match_rate":0.1348314606741573,"eval/model_source":"prompt_baseline","_step":2,"eval/vector_mae":2.0842696629213484,"eval/evaluated_count":100,"eval/mse_raw":7.837078651685394,"_wandb":{"runtime":115},"eval/mse_norm":0.07837078651685393,"eval/target_scale":10,"eval/slot_exact_match":0.5,"_timestamp":1.7723012634483352e+09,"eval/p50_inference_latency_ms":1072.4067499977536}