{"eval/json_valid_rate":0.9857142857142858,"eval/model_id":"mistralai/Ministral-3-3B-Instruct-2512","eval/failures_top_k":{"artifact_path":"wandb-client-artifact://y1uy9kyat5pxxh81xl3f5fut0yf3myp35rnlcf9s5ujkyyn67lkrf549xdgjujwplj10k5su1lc5mcp2vxecbpy95f4saen1kltq7ixf38qe3ba9x6diorzk1p2l2alo/eval/failures_top_k.table.json","_type":"table-file","path":"media/table/eval/failures_top_k_2_ec42cdf6fa757eab7250.table.json","nrows":20,"ncols":5,"_latest_artifact_path":"wandb-client-artifact://le1vj418nsxzoftl8vllzbbjgke56p054youmqf4k5wtc8rouc1zg48d2px0wtceiprq261oav4qniduxvefmfcjmmapsmqcbe71rml73fi2q1xymyy7sowhs6focvg5:latest/eval/failures_top_k.table.json","sha256":"ec42cdf6fa757eab7250b075e4c0e42b8b18e1a4a1e9671808e5085e13d60a2c","size":4538,"log_mode":"IMMUTABLE"},"_step":2,"eval/vector_mae":20.367149758454108,"eval/evaluated_count":70,"eval/constraint_match_rate":0.21739130434782608,"eval/p95_inference_latency_ms":1558.7693749985192,"eval/intent_score_mean":57.22898550724637,"eval/mse_raw":630.6618357487922,"eval/slot_exact_match":0.42028985507246375,"eval/cost_per_100_requests_usd":0.27999999999999997,"eval/model_source":"prompt_baseline","eval/p50_inference_latency_ms":1164.6003749992815,"_runtime":89,"eval/r2_score":-0.7964754431722538,"eval/mse_norm":0.06306618357487923,"eval/output_sanity_score":83.41428571428571,"_timestamp":1.772270487178536e+09,"_wandb":{"runtime":89}}