{"eval/p50_inference_latency_ms":0.008000002708286047,"eval/r2_score":-0.6040285222279518,"eval/cost_per_100_requests_usd":0.02,"eval/intent_score_mean":59.940000000000005,"eval/output_sanity_score":82.11428571428571,"eval/mse_raw":564.7809523809524,"_runtime":4,"eval/constraint_match_rate":0.2714285714285714,"eval/evaluated_count":70,"eval/slot_exact_match":0.4142857142857143,"eval/vector_mae":19.076190476190476,"eval/model_source":"rule_baseline","_step":2,"eval/mse_norm":0.05647809523809524,"_timestamp":1.7722688591116931e+09,"_wandb":{"runtime":4},"eval/model_id":"rule_based_keyword_v1","eval/p95_inference_latency_ms":0.03108399687334895,"eval/failures_top_k":{"size":4371,"path":"media/table/eval/failures_top_k_2_ef8cae09fb25bf96a205.table.json","artifact_path":"wandb-client-artifact://lzqfqr6p8g2l790hc1bvqbhw2xc6i9cgyglfi9o9mmi2zd271y6akvlqk7plhyjau1g28zq2l6nuan7gh7z16ykrfz6hjtoa3gakpd6f7pq522kgw6lgj81z43plbdyr/eval/failures_top_k.table.json","sha256":"ef8cae09fb25bf96a2055d876497c0b45d09714d5482a7367b92112caff634b6","_latest_artifact_path":"wandb-client-artifact://jnym5f9in5mtoelfoww5um3o0qxcvey9ei4yzqm7uszs360jkieu1okh4yc0k7lh8iue0kar69fstfp6ee07m4xc8xx6gry1en84dk8tpfhh3e4lvejg7jl51v1u991d:latest/eval/failures_top_k.table.json","_type":"table-file","log_mode":"IMMUTABLE","ncols":5,"nrows":20},"eval/json_valid_rate":1}